timestamp,temperature,ph,do,turbidity,water_level,alert
2026-04-10 21:29:47,NA,6.48,3.00,70.24,18.78,temperature_error;ph_out_of_range;do_low;turbidity_high;water_level_low
2026-04-10 21:29:52,26.57,7.98,0.76,47.23,116.25,do_low
2026-04-11 08:24:51,18.73,7.70,4.08,92.75,18.56,turbidity_high;water_level_low
2026-04-11 08:25:19,28.64,7.06,6.60,55.28,179.60,normal
2026-04-11 08:25:34,32.56,6.76,6.24,32.74,NA,temperature_high;water_level_error
2026-04-11 10:00:06,33.50,8.25,9.36,63.93,172.54,temperature_high
2026-04-14 07:33:05,pond_03,19.49,6.34,6.09,10.83,67.06,0.05,0.04,1.94,107.42,ph_out_of_range
2026-04-14 07:37:09,pond_01,22.98,8.44,4.49,NA,177.36,0.14,0.10,1.65,141.44,turbidity_error
2026-04-14 07:38:36,pond_01,19.31,6.30,2.71,72.05,133.43,0.20,0.12,1.74,112.29,ph_out_of_range;do_low;turbidity_high
